<application>
  <component name="GeneralSettings">
    <option name="showTipsOnStartup" value="false" />
    <option name="confirmExit" value="false" />
    <option name="confirmOpenNewProject2" value="-1" />
    <option name="processCloseConfirmation" value="TERMINATE" />
  </component>
  <component name="Registry">
    <entry key="ide.experimental.ui" value="true" />
    <entry key="ide.undo.transparent.caret.movement" value="true" />
    <entry key="moved.to.new.ui" value="true" />
    <entry key="i18n.locale" value="" />
  </component>
</application>