<application>
  <component name="NotificationConfiguration">
    <notification groupId="gittoolbox.actions.info" displayType="NONE" />
    <notification groupId="gittoolbox.behind.tracker" displayType="NONE" />
    <notification groupId="gittoolbox.blame" displayType="NONE" />
    <notification groupId="gittoolbox.branch.cleanup" displayType="NONE" />
    <notification groupId="gittoolbox.external.link" displayType="NONE" />
    <notification groupId="gittoolbox.fetch.info" displayType="NONE" />
    <notification groupId="gittoolbox.general" displayType="NONE" />
    <notification groupId="google-java-format parsing error" displayType="NONE" shouldLog="false" />
  </component>
</application>