<application>
  <component name="Trusted.Paths">
    <option name="TRUSTED_PROJECT_PATHS">
      <map>
        <entry key="$USER_HOME$/Seam/plugins/airtable" value="true" />
        <entry key="$USER_HOME$/Seam/plugins/basecamp" value="true" />
        <entry key="$USER_HOME$/Seam/plugins/box" value="true" />
        <entry key="$USER_HOME$/Seam/plugins/clickup" value="true" />
        <entry key="$USER_HOME$/Seam/plugins/docusign" value="true" />
        <entry key="$USER_HOME$/Seam/plugins/dropbox" value="true" />
        <entry key="$USER_HOME$/Seam/plugins/front" value="true" />
        <entry key="$USER_HOME$/Seam/plugins/github" value="true" />
        <entry key="$USER_HOME$/Seam/plugins/gmail" value="true" />
        <entry key="$USER_HOME$/Seam/plugins/gong" value="true" />
        <entry key="$USER_HOME$/Seam/plugins/googlecalendar" value="true" />
        <entry key="$USER_HOME$/Seam/plugins/googlechat" value="true" />
        <entry key="$USER_HOME$/Seam/plugins/googledrive" value="true" />
        <entry key="$USER_HOME$/Seam/plugins/helpjuice" value="true" />
        <entry key="$USER_HOME$/Seam/plugins/hubspot" value="true" />
        <entry key="$USER_HOME$/Seam/plugins/intercom" value="true" />
        <entry key="$USER_HOME$/Seam/plugins/linear" value="true" />
        <entry key="$USER_HOME$/Seam/plugins/monday" value="true" />
        <entry key="$USER_HOME$/Seam/plugins/notion" value="true" />
        <entry key="$USER_HOME$/Seam/plugins/onedrive" value="true" />
        <entry key="$USER_HOME$/Seam/plugins/outlook" value="true" />
        <entry key="$USER_HOME$/Seam/plugins/outlookcalendar" value="true" />
        <entry key="$USER_HOME$/Seam/plugins/plugin-github" value="true" />
        <entry key="$USER_HOME$/Seam/plugins/plugin-slack" value="true" />
        <entry key="$USER_HOME$/Seam/plugins/salesforce" value="true" />
        <entry key="$USER_HOME$/Seam/plugins/shortcut" value="true" />
        <entry key="$USER_HOME$/Seam/plugins/slack" value="true" />
        <entry key="$USER_HOME$/Seam/plugins/trello" value="true" />
        <entry key="$USER_HOME$/Seam/plugins/whatsapp" value="true" />
        <entry key="$USER_HOME$/Seam/plugins/zendesk" value="true" />
        <entry key="$USER_HOME$/Seam/saaslink" value="true" />
        <entry key="$USER_HOME$/Seam/saaslink-plugin" value="true" />
        <entry key="$USER_HOME$/Seam/seam-ex" value="true" />
      </map>
    </option>
  </component>
  <component name="Trusted.Paths.Settings">
    <option name="TRUSTED_PATHS">
      <list>
        <option value="$USER_HOME$/Seam" />
      </list>
    </option>
  </component>
</application>