<application>
  <component name="DimensionService">
    <size key="GridCell.Tab.0.left.0.0.2560.1440" width="2490" height="427" />
    <size key="GridCell.Tab.0.center.0.0.2560.1440" width="2490" height="427" />
    <size key="GridCell.Tab.0.right.0.0.2560.1440" width="2490" height="427" />
    <size key="GridCell.Tab.0.bottom.0.0.2560.1440" width="2490" height="427" />
    <size key="GridCell.Tab.1.left.0.0.2560.1440" width="2490" height="427" />
    <size key="GridCell.Tab.1.center.0.0.2560.1440" width="2490" height="427" />
    <size key="GridCell.Tab.1.right.0.0.2560.1440" width="2490" height="427" />
    <size key="GridCell.Tab.1.bottom.0.0.2560.1440" width="2490" height="427" />
  </component>
  <component name="WindowManager">
    <frame x="0" y="0" width="2560" height="1417" />
  </component>
  <component name="WindowStateApplicationService">
    <state x="1701" y="442" width="428" height="482" key="FileChooserDialogImpl" timestamp="1733768937782">
      <screen x="0" y="0" width="2560" height="1440" />
    </state>
    <state x="1701" y="442" width="428" height="482" key="FileChooserDialogImpl/0.0.2560.1440/2560.0.2560.1440" timestamp="1733768937782" />
  </component>
</application>