<code_scheme name="Default" version="173">
  <option name="AUTODETECT_INDENTS" value="false" />
  <JavaCodeStyleSettings>
    <option name="SPACE_INSIDE_ONE_LINE_ENUM_BRACES" value="true" />
    <option name="CLASS_COUNT_TO_USE_IMPORT_ON_DEMAND" value="9999" />
    <option name="NAMES_COUNT_TO_USE_IMPORT_ON_DEMAND" value="9999" />
  </JavaCodeStyleSettings>
  <editorconfig>
    <option name="ENABLED" value="false" />
  </editorconfig>
  <codeStyleSettings language="JAVA">
    <option name="KEEP_SIMPLE_CLASSES_IN_ONE_LINE" value="true" />
    <option name="WRAP_LONG_LINES" value="true" />
    <option name="WRAP_ON_TYPING" value="1" />
  </codeStyleSettings>
</code_scheme>