<keymap version="1" name="XWin copy" parent="Default for XWin">
  <action id="ActivateTerminalToolWindow">
    <keyboard-shortcut first-keystroke="ctrl escape" />
  </action>
  <action id="Adtui.ZoomToActualAction">
    <keyboard-shortcut first-keystroke="ctrl numpad0" />
  </action>
  <action id="CloseContent">
    <keyboard-shortcut first-keystroke="shift ctrl w" />
  </action>
  <action id="DuplicatesForm.SendToLeft" />
  <action id="DuplicatesForm.SendToRight" />
  <action id="EditorSelectWord" />
  <action id="EditorUnSelectWord" />
  <action id="ExternalSystem.ProjectRefreshAction" />
  <action id="FileChooser.GotoHome" />
  <action id="FileChooser.GotoModule" />
  <action id="FileChooser.GotoProject" />
  <action id="Find">
    <keyboard-shortcut first-keystroke="alt f3" />
    <keyboard-shortcut first-keystroke="alt f" />
  </action>
  <action id="GoToTab1">
    <keyboard-shortcut first-keystroke="ctrl 1" />
  </action>
  <action id="GoToTab2">
    <keyboard-shortcut first-keystroke="ctrl 2" />
  </action>
  <action id="GoToTab3">
    <keyboard-shortcut first-keystroke="ctrl 3" />
  </action>
  <action id="GoToTab4">
    <keyboard-shortcut first-keystroke="ctrl 4" />
  </action>
  <action id="GoToTab5">
    <keyboard-shortcut first-keystroke="ctrl 5" />
  </action>
  <action id="GoToTab6">
    <keyboard-shortcut first-keystroke="ctrl 6" />
  </action>
  <action id="GoToTab7">
    <keyboard-shortcut first-keystroke="ctrl 7" />
  </action>
  <action id="GoToTab8">
    <keyboard-shortcut first-keystroke="ctrl 8" />
  </action>
  <action id="GoToTab9">
    <keyboard-shortcut first-keystroke="ctrl 9" />
  </action>
  <action id="GotoBookmark0" />
  <action id="GotoBookmark1" />
  <action id="GotoBookmark2" />
  <action id="GotoBookmark3" />
  <action id="GotoBookmark4" />
  <action id="GotoBookmark5" />
  <action id="GotoBookmark6" />
  <action id="GotoBookmark7" />
  <action id="GotoBookmark8" />
  <action id="GotoBookmark9" />
  <action id="GotoClass">
    <keyboard-shortcut first-keystroke="shift ctrl o" />
  </action>
  <action id="GotoDeclaration">
    <mouse-shortcut keystroke="control button1" />
    <keyboard-shortcut first-keystroke="shift ctrl b" />
  </action>
  <action id="GotoTypeDeclaration">
    <mouse-shortcut keystroke="shift control button1" />
  </action>
  <action id="HideActiveWindow" />
  <action id="OverrideMethods" />
  <action id="SmartSelect" />
  <action id="UsageFiltering.WriteAccess" />
</keymap>